proname,args,security_definer,config,body_md5,acl
admin_review_payment,"p_payment_id uuid, p_approved boolean, p_reason text",true,"[""search_path=pg_catalog, public, auth""]",c0ef5f06b8ee47788825480cf56cfc03,"{postgres=X/postgres,authenticated=X/postgres,service_role=X/postgres}"
apply_delivery_reservation,"p_shipment_item_id uuid, p_order_item_id uuid, p_lot_id uuid, p_buyer_organization_id uuid, p_planned_quantity_kg numeric",true,"[""search_path=pg_catalog, public, auth""]",4aa0a7c7dd8e39bc12a1d36b63dc21cc,"{postgres=X/postgres,service_role=X/postgres}"
assert_order_checkout_ready,p_order_id uuid,true,"[""search_path=pg_catalog, public, auth""]",3fdf75efa63d36c9a73ae161382f8d18,"{postgres=X/postgres,authenticated=X/postgres,service_role=X/postgres}"
can_view_order,p_order_id uuid,true,"[""search_path=pg_catalog, public, auth""]",eef50520051e17d1f16985517158b825,"{postgres=X/postgres,authenticated=X/postgres,service_role=X/postgres}"
checkout_order,p_order_id uuid,true,"[""search_path=pg_catalog, public, auth""]",75e07c357ea33a980fd695a271d8e708,"{postgres=X/postgres,authenticated=X/postgres,service_role=X/postgres}"
expire_order_hold,p_order_id uuid,true,"[""search_path=pg_catalog, public, auth""]",e5b8f4ee0c35948c6e582f2a9d3c0288,"{postgres=X/postgres,authenticated=X/postgres,service_role=X/postgres}"
ingest_stripe_event,"p_provider text, p_external_event_id text, p_event_type text, p_payment_id uuid, p_payload jsonb, p_funding_confirmed boolean",true,"[""search_path=pg_catalog, public, auth""]",24b07aec287202b8b0bdee28f13464a6,"{postgres=X/postgres,service_role=X/postgres}"
is_auditor,,true,"[""search_path=pg_catalog, public, auth""]",f36329eb0a4434741f10a1b40caedbee,"{postgres=X/postgres,authenticated=X/postgres,service_role=X/postgres}"
is_authorized_member,,true,"[""search_path=pg_catalog, public, auth""]",c291fc30a55def8b8c2661f50ccd6397,"{postgres=X/postgres,authenticated=X/postgres,service_role=X/postgres}"
is_blocked_user,,true,"[""search_path=pg_catalog, public, auth""]",31afcbd22502f1104218d1550c3e65f6,"{postgres=X/postgres,authenticated=X/postgres,service_role=X/postgres}"
is_finance_operator,,true,"[""search_path=pg_catalog, public, auth""]",fb45aae21a7484d81056038c3ef02ae0,"{postgres=X/postgres,authenticated=X/postgres,service_role=X/postgres}"
is_org_member,p_organization_id uuid,true,"[""search_path=pg_catalog, public, auth""]",696877b4b7ba36b23ed586c952e05468,"{postgres=X/postgres,authenticated=X/postgres,service_role=X/postgres}"
is_platform_admin,,true,"[""search_path=pg_catalog, public, auth""]",4c166ebfb69af74c26234fecf16ad78b,"{postgres=X/postgres,authenticated=X/postgres,service_role=X/postgres}"
is_warehouse_operator,,true,"[""search_path=pg_catalog, public, auth""]",e313abb223d63743e70bc876a27326af,"{postgres=X/postgres,authenticated=X/postgres,service_role=X/postgres}"
kyb_storage_object_authorized,"p_object_name text, p_require_editable boolean",true,"[""search_path=pg_catalog, public, auth""]",8d4ac2b14f278ba705f6bed72059b60c,"{postgres=X/postgres,anon=X/postgres,authenticated=X/postgres,service_role=X/postgres}"
mfa_satisfied,,true,"[""search_path=pg_catalog, public, auth""]",a78cfc6c462a0af5cec582234b118134,"{postgres=X/postgres,anon=X/postgres,authenticated=X/postgres,service_role=X/postgres}"
next_order_code,,false,null,d6d59137c7c339036f4f9d6fea2fd128,"{postgres=X/postgres,authenticated=X/postgres,service_role=X/postgres}"
next_proforma_code,,false,null,e588bbcbae1f404b477fcb3c8a7204a5,"{postgres=X/postgres,authenticated=X/postgres,service_role=X/postgres}"
organization_can_buy,p_organization_id uuid,true,"[""search_path=pg_catalog, public, auth""]",43d27cbd23b7a69db404806205209a3e,"{postgres=X/postgres,authenticated=X/postgres,service_role=X/postgres}"
organization_can_sell,p_organization_id uuid,true,"[""search_path=pg_catalog, public, auth""]",7caf9ba2803350261b56a16ca5d8b4e8,"{postgres=X/postgres,authenticated=X/postgres,service_role=X/postgres}"
record_order_status_history,,true,"[""search_path=pg_catalog, public, auth""]",cdd7568e82a33db5a21037a3cc15542c,"{postgres=X/postgres,authenticated=X/postgres,service_role=X/postgres}"
record_payment_transfer,"p_payout_id uuid, p_provider_transfer_id text, p_transfer_group text, p_idempotency_key text",true,"[""search_path=pg_catalog, public, auth""]",46bdc39c4f1f0fba72496ba277724b85,"{postgres=X/postgres,authenticated=X/postgres,service_role=X/postgres}"
record_stripe_payment_intent,"p_order_id uuid, p_payment_intent_id text, p_idempotency_key text",true,"[""search_path=pg_catalog, public, auth""]",2b9b04e2aa33ff581f79b55e68148974,"{postgres=X/postgres,authenticated=X/postgres,service_role=X/postgres}"
remove_order_item,p_order_item_id uuid,true,"[""search_path=pg_catalog, public, auth""]",9601dc0af97c5a80e1d86ad29375270b,"{postgres=X/postgres,authenticated=X/postgres,service_role=X/postgres}"
reserve_ready_deliveries_for_settlement,"p_order_id uuid, p_buyer_organization_id uuid",true,"[""search_path=pg_catalog, public, auth""]",12226e365e405185845fc4561b87db85,"{postgres=X/postgres,service_role=X/postgres}"
submit_payment_proof,"p_order_id uuid, p_file_asset_id uuid, p_reference text",true,"[""search_path=pg_catalog, public, auth""]",24a2cb173cb3e383af0f347bda0fb6f0,"{postgres=X/postgres,authenticated=X/postgres,service_role=X/postgres}"
sync_shipment_ready,,true,"[""search_path=pg_catalog, public, auth""]",07166e5e01629f65663a1d5937b130be,"{postgres=X/postgres,authenticated=X/postgres,service_role=X/postgres}"
update_order_item_quantity,"p_order_item_id uuid, p_quantity_kg numeric",true,"[""search_path=pg_catalog, public, auth""]",c71ace4675941ac29668b3d1b8f525e2,"{postgres=X/postgres,authenticated=X/postgres,service_role=X/postgres}"
validate_offer_transition,,true,"[""search_path=pg_catalog, public, auth""]",e1924325c811819baef4c4a5ea0c04f0,"{postgres=X/postgres,authenticated=X/postgres,service_role=X/postgres}"
validate_order_item_offer,,true,"[""search_path=pg_catalog, public, auth""]",52786a92f9cd03ae54aad8c60e020a6f,"{postgres=X/postgres,authenticated=X/postgres,service_role=X/postgres}"
validate_order_transition,,true,"[""search_path=pg_catalog, public, auth""]",8cb857495ac7bd3333f0b81236ca2ee2,"{postgres=X/postgres,authenticated=X/postgres,service_role=X/postgres}"
validate_shipment_item,,true,"[""search_path=pg_catalog, public, auth""]",3ec3db2cd692958b2ad6d9ec5d15eb88,"{postgres=X/postgres,authenticated=X/postgres,service_role=X/postgres}"
validate_shipment_transition,,true,"[""search_path=pg_catalog, public, auth""]",27148260ac07d2d5e7f2e3e61c2d21aa,"{postgres=X/postgres,authenticated=X/postgres,service_role=X/postgres}"
write_audit_log,,true,"[""search_path=pg_catalog, public, auth""]",ee38fce2e192528b7a17fb4d2762e8f0,"{postgres=X/postgres,authenticated=X/postgres,service_role=X/postgres}"
write_audit_log_payment_accounts,,true,"[""search_path=pg_catalog, public, auth""]",6371b4105043a0787eebce5b92a41c76,"{postgres=X/postgres,service_role=X/postgres}"